{"accuracy": [0.5896720886230469, 0.8583967685699463, 0.9146027565002441, 0.9392417669296265, 0.9547762870788574, 0.9632548689842224, 0.9713919758796692, 0.9760438203811646], "loss": [1.4015898704528809, 0.4438301920890808, 0.26157453656196594, 0.18432842195034027, 0.13711495697498322, 0.11147336661815643, 0.08674246817827225, 0.0745018795132637], "val_accuracy": [0.8458342552185059, 0.9239130616188049, 0.9414409399032593, 0.9475301504135132, 0.9440587162971497, 0.9487252235412598, 0.9557250142097473, 0.9523105025291443], "val_loss": [0.4789716303348541, 0.2367793321609497, 0.18090663850307465, 0.16563622653484344, 0.17169266939163208, 0.16323791444301605, 0.14788790047168732, 0.15325039625167847]}